{
  "color_decided_pct": 3.88,
  "rest_pct": 96.12,
  "games": 1797006,
  "white_pct": 50.36527423948501,
  "black_pct": 46.487379563562946,
  "draw_pct": 3.1473461969520415
}